script,inputs,model_formulas,review_flags
scripts/model1/cbcl/females_time_x_CBCL.R,input_data/symptoms_followup.csv; input_data/symptoms_baseline.csv; input_data/predictors_primary.csv,df[; dep ~ time,FDR uses rounded p-values; Review nested random-effects ordering; Reported n may differ from fitted sample
scripts/model1/cbcl/males_time_x_CBCL.R,input_data/symptoms_followup.csv; input_data/symptoms_baseline.csv; input_data/predictors_primary.csv,df[; dep ~ time,FDR uses rounded p-values; Review nested random-effects ordering; Reported n may differ from fitted sample
scripts/model1/cbcl/sex_x_time_x_CBCL.R,input_data/symptoms_followup.csv; input_data/symptoms_baseline.csv; input_data/predictors_primary.csv,df[; dep ~ sex*time,FDR uses rounded p-values; Review nested random-effects ordering; Reported n may differ from fitted sample
scripts/model1/cbcl/tPRS_M_X_CBCL_longitudinal_time.R,input_data/symptoms_followup.csv; input_data/symptoms_baseline.csv; input_data/predictors_primary.csv,df_cbcl$cbcl_scr_syn_withdep_r ~ as.numeric(interview_age) + eigenvec.1 + eigenvec.2 + eigenvec.3 + eigenvec.4 + eigenvec.5 + eigenvec.6 + eigenvec.7 + eigenvec.8 + eigenvec.9 + eigenvec.10; cbcl_scr_syn_withdep_r ~ MetaXcan_tPRS_M,FDR uses rounded p-values; Reported n may differ from fitted sample
scripts/model1/cbcl/tPRS_M_x_CBCL_over_time.R,input_data/symptoms_followup.csv; input_data/symptoms_baseline.csv; input_data/predictors_primary.csv,df[; region ~ tprs,FDR uses rounded p-values; Review nested random-effects ordering; Reported n may differ from fitted sample
scripts/model1/cbcl/tPRS_M_x_time_CBCL.R,input_data/symptoms_followup.csv; input_data/symptoms_baseline.csv; input_data/predictors_primary.csv,df[; region ~ tprs,Reported n may differ from fitted sample
scripts/model1/cbcl/tPRS_M_x_time_x_CBCL.R,input_data/symptoms_followup.csv; input_data/symptoms_baseline.csv; input_data/predictors_primary.csv,df[; dep ~ tprs*time,FDR uses rounded p-values; Review nested random-effects ordering; Reported n may differ from fitted sample
scripts/model1/cbcl/test_tPRS_F_x_CBCL_time_1_main_by_sex.R,input_data/symptoms_baseline.csv; input_data/predictors_primary.csv,region ~ tprs + as.numeric(interview_age) + eigenvec.1 + eigenvec.2 + eigenvec.3 + eigenvec.4 + eigenvec.5 + eigenvec.6 + eigenvec.7 + eigenvec.8 + eigenvec.9 + eigenvec.10,FDR uses rounded p-values; Reported n may differ from fitted sample
scripts/model1/cbcl/test_tPRS_F_x_CBCL_time_2_main_by_sex.R,input_data/symptoms_followup.csv; input_data/predictors_primary.csv,region ~ tprs + as.numeric(interview_age) + eigenvec.1 + eigenvec.2 + eigenvec.3 + eigenvec.4 + eigenvec.5 + eigenvec.6 + eigenvec.7 + eigenvec.8 + eigenvec.9 + eigenvec.10,FDR uses rounded p-values; Reported n may differ from fitted sample
scripts/model1/cbcl/test_tPRS_F_x_FS_x_CBCL_mediation_time_2.R,input_data/symptoms_followup.csv; input_data/predictors_primary.csv; input_data/structural_measures.txt,df[; smri_vol_scs_aar ~ MetaXcan_tPRS_F; cbcl_scr_syn_withdep_r ~ MetaXcan_tPRS_F + smri_vol_scs_aar; cbcl_scr_syn_withdep_r ~ smri_vol_scs_aar; smri_vol_scs_hpusrh ~ MetaXcan_tPRS_F; cbcl_scr_syn_withdep_r ~ MetaXcan_tPRS_F + smri_vol_scs_hpusrh; cbcl_scr_syn_withdep_r ~ smri_vol_scs_hpusrh,Reported n may differ from fitted sample; Legacy a_t/b_t labels hold estimates; bootstrap seed absent
scripts/model1/cbcl/test_tPRS_F_x_FS_x_CBCL_time_2.R,input_data/symptoms_followup.csv; input_data/predictors_primary.csv; input_data/structural_measures.txt,cbcl_scr_syn_anxdep_r ~ smri_vol_scs_hpuslh + as.numeric(interview_age.x) + eTIV + eigenvec.1 + eigenvec.2 + eigenvec.3 + eigenvec.4 + eigenvec.5 + eigenvec.6 + eigenvec.7 + eigenvec.8 + eigenvec.9 + eigenvec.10; cbcl_scr_syn_withdep_r ~ smri_vol_scs_hpuslh + as.numeric(interview_age.x) + eTIV + eigenvec.1 + eigenvec.2 + eigenvec.3 + eigenvec.4 + eigenvec.5 + eigenvec.6 + eigenvec.7 + eigenvec.8 + eigenvec.9 + eigenvec.10; cbcl_scr_syn_anxdep_r ~ smri_vol_scs_caudaterh + as.numeric(interview_age.x) + eTIV + eigenvec.1 + eigenvec.2 + eigenvec.3 + eigenvec.4 + eigenvec.5 + eigenvec.6 + eigenvec.7 + eigenvec.8 + eigenvec.9 + eigenvec.10; cbcl_scr_syn_withdep_r ~ smri_vol_scs_caudaterh + as.numeric(interview_age.x) + eTIV + eigenvec.1 + eigenvec.2 + eigenvec.3 + eigenvec.4 + eigenvec.5 + eigenvec.6 + eigenvec.7 + eigenvec.8 + eigenvec.9 + eigenvec.10; cbcl_scr_syn_anxdep_r ~ smri_vol_scs_hpusrh + as.numeric(interview_age.x) + eTIV + eigenvec.1 + eigenvec.2 + eigenvec.3 + eigenvec.4 + eigenvec.5 + eigenvec.6 + eigenvec.7 + eigenvec.8 + eigenvec.9 + eigenvec.10; cbcl_scr_syn_withdep_r ~ smri_vol_scs_hpusrh + as.numeric(interview_age.x) + eTIV + eigenvec.1 + eigenvec.2 + eigenvec.3 + eigenvec.4 + eigenvec.5 + eigenvec.6 + eigenvec.7 + eigenvec.8 + eigenvec.9 + eigenvec.10; cbcl_scr_syn_anxdep_r ~ smri_vol_scs_aar + as.numeric(interview_age.x) + eTIV + eigenvec.1 + eigenvec.2 + eigenvec.3 + eigenvec.4 + eigenvec.5 + eigenvec.6 + eigenvec.7 + eigenvec.8 + eigenvec.9 + eigenvec.10; cbcl_scr_syn_withdep_r ~ smri_vol_scs_aar + as.numeric(interview_age.x) + eTIV + eigenvec.1 + eigenvec.2 + eigenvec.3 + eigenvec.4 + eigenvec.5 + eigenvec.6 + eigenvec.7 + eigenvec.8 + eigenvec.9 + eigenvec.10,FDR uses rounded p-values; Reported n may differ from fitted sample
scripts/model1/cbcl/test_tPRS_M_x_CBCL_time_1_main_by_sex.R,input_data/symptoms_baseline.csv; input_data/predictors_primary.csv,region ~ tprs + as.numeric(interview_age) + eigenvec.1 + eigenvec.2 + eigenvec.3 + eigenvec.4 + eigenvec.5 + eigenvec.6 + eigenvec.7 + eigenvec.8 + eigenvec.9 + eigenvec.10,FDR uses rounded p-values; Reported n may differ from fitted sample
scripts/model1/cbcl/test_tPRS_M_x_CBCL_time_2_main_by_sex.R,input_data/symptoms_followup.csv; input_data/predictors_primary.csv,region ~ tprs + as.numeric(interview_age) + eigenvec.1 + eigenvec.2 + eigenvec.3 + eigenvec.4 + eigenvec.5 + eigenvec.6 + eigenvec.7 + eigenvec.8 + eigenvec.9 + eigenvec.10,FDR uses rounded p-values; Reported n may differ from fitted sample
scripts/model1/cbcl/test_tPRS_M_x_FS_x_CBCL_time_2.R,input_data/symptoms_followup.csv; input_data/predictors_primary.csv; input_data/structural_measures.txt,cbcl_scr_syn_anxdep_r ~ smri_thick_cdk_ptcatelh + as.numeric(interview_age.x) + eigenvec.1 + eigenvec.2 + eigenvec.3 + eigenvec.4 + eigenvec.5 + eigenvec.6 + eigenvec.7 + eigenvec.8 + eigenvec.9 + eigenvec.10; cbcl_scr_syn_withdep_r ~ smri_thick_cdk_ptcatelh + as.numeric(interview_age.x) + eigenvec.1 + eigenvec.2 + eigenvec.3 + eigenvec.4 + eigenvec.5 + eigenvec.6 + eigenvec.7 + eigenvec.8 + eigenvec.9 + eigenvec.10,FDR uses rounded p-values; Reported n may differ from fitted sample
scripts/model1/cbcl/time_x_CBCL.R,input_data/symptoms_followup.csv; input_data/symptoms_baseline.csv; input_data/predictors_primary.csv,df[; dep ~ time,FDR uses rounded p-values; Review nested random-effects ordering; Reported n may differ from fitted sample
scripts/model1/freesurfer/non_winsorized/test_tPRS_F_x_FS_time_1_main_in_females_pFDR_families_NONWINSORIZED.R,input_data/predictors_sensitivity.csv; input_data/structural_measures.txt,region ~ tprs + as.numeric(interview_age) + eTIV + eigenvec.1 + eigenvec.2 + eigenvec.3 + eigenvec.4 + eigenvec.5 + eigenvec.6 + eigenvec.7 + eigenvec.8 + eigenvec.9 + eigenvec.10; region ~ tprs + as.numeric(interview_age) + eigenvec.1 + eigenvec.2 + eigenvec.3 + eigenvec.4 + eigenvec.5 + eigenvec.6 + eigenvec.7 + eigenvec.8 + eigenvec.9 + eigenvec.10,FDR uses rounded p-values; Reported n may differ from fitted sample
scripts/model1/freesurfer/non_winsorized/test_tPRS_F_x_FS_time_1_main_in_males_pFDR_families_NONWINSORIZED.R,input_data/predictors_sensitivity.csv; input_data/structural_measures.txt,region ~ tprs + as.numeric(interview_age) + eTIV + eigenvec.1 + eigenvec.2 + eigenvec.3 + eigenvec.4 + eigenvec.5 + eigenvec.6 + eigenvec.7 + eigenvec.8 + eigenvec.9 + eigenvec.10; region ~ tprs + as.numeric(interview_age) + eigenvec.1 + eigenvec.2 + eigenvec.3 + eigenvec.4 + eigenvec.5 + eigenvec.6 + eigenvec.7 + eigenvec.8 + eigenvec.9 + eigenvec.10,FDR uses rounded p-values; Reported n may differ from fitted sample
scripts/model1/freesurfer/non_winsorized/test_tPRS_F_x_FS_time_2_main_in_females_pFDR_families_NONWINSORIZED.R,input_data/predictors_sensitivity.csv; input_data/structural_measures.txt,region ~ tprs + as.numeric(interview_age) + eTIV + eigenvec.1 + eigenvec.2 + eigenvec.3 + eigenvec.4 + eigenvec.5 + eigenvec.6 + eigenvec.7 + eigenvec.8 + eigenvec.9 + eigenvec.10; region ~ tprs + as.numeric(interview_age) + eigenvec.1 + eigenvec.2 + eigenvec.3 + eigenvec.4 + eigenvec.5 + eigenvec.6 + eigenvec.7 + eigenvec.8 + eigenvec.9 + eigenvec.10,FDR uses rounded p-values; Reported n may differ from fitted sample
scripts/model1/freesurfer/non_winsorized/test_tPRS_F_x_FS_time_2_main_in_females_pFDR_families_NONWINSORIZED_variant2.R,input_data/predictors_sensitivity.csv; input_data/structural_measures.txt,region ~ tprs + as.numeric(interview_age) + eTIV + eigenvec.1 + eigenvec.2 + eigenvec.3 + eigenvec.4 + eigenvec.5 + eigenvec.6 + eigenvec.7 + eigenvec.8 + eigenvec.9 + eigenvec.10; region ~ tprs + as.numeric(interview_age) + eigenvec.1 + eigenvec.2 + eigenvec.3 + eigenvec.4 + eigenvec.5 + eigenvec.6 + eigenvec.7 + eigenvec.8 + eigenvec.9 + eigenvec.10,FDR uses rounded p-values; Reported n may differ from fitted sample
scripts/model1/freesurfer/non_winsorized/test_tPRS_F_x_FS_time_2_main_in_males_pFDR_families_NONWINSORIZED.R,input_data/predictors_sensitivity.csv; input_data/structural_measures.txt,region ~ tprs + as.numeric(interview_age) + eTIV + eigenvec.1 + eigenvec.2 + eigenvec.3 + eigenvec.4 + eigenvec.5 + eigenvec.6 + eigenvec.7 + eigenvec.8 + eigenvec.9 + eigenvec.10; region ~ tprs + as.numeric(interview_age) + eigenvec.1 + eigenvec.2 + eigenvec.3 + eigenvec.4 + eigenvec.5 + eigenvec.6 + eigenvec.7 + eigenvec.8 + eigenvec.9 + eigenvec.10,FDR uses rounded p-values; Reported n may differ from fitted sample
scripts/model1/freesurfer/non_winsorized/test_tPRS_M_x_FS_time_1_main_in_females_pFDR_families_NONWINSORIZED.R,input_data/predictors_sensitivity.csv; input_data/structural_measures.txt,region ~ tprs + as.numeric(interview_age) + eTIV + eigenvec.1 + eigenvec.2 + eigenvec.3 + eigenvec.4 + eigenvec.5 + eigenvec.6 + eigenvec.7 + eigenvec.8 + eigenvec.9 + eigenvec.10; region ~ tprs + as.numeric(interview_age) + eigenvec.1 + eigenvec.2 + eigenvec.3 + eigenvec.4 + eigenvec.5 + eigenvec.6 + eigenvec.7 + eigenvec.8 + eigenvec.9 + eigenvec.10,FDR uses rounded p-values; Reported n may differ from fitted sample
scripts/model1/freesurfer/non_winsorized/test_tPRS_M_x_FS_time_1_main_in_males_pFDR_families_NONWINSORIZED.R,input_data/predictors_sensitivity.csv; input_data/structural_measures.txt,region ~ tprs + as.numeric(interview_age) + eTIV + eigenvec.1 + eigenvec.2 + eigenvec.3 + eigenvec.4 + eigenvec.5 + eigenvec.6 + eigenvec.7 + eigenvec.8 + eigenvec.9 + eigenvec.10; region ~ tprs + as.numeric(interview_age) + eigenvec.1 + eigenvec.2 + eigenvec.3 + eigenvec.4 + eigenvec.5 + eigenvec.6 + eigenvec.7 + eigenvec.8 + eigenvec.9 + eigenvec.10,FDR uses rounded p-values; Reported n may differ from fitted sample
scripts/model1/freesurfer/non_winsorized/test_tPRS_M_x_FS_time_2_main_in_females_pFDR_families_NONWINSORIZED.R,input_data/predictors_sensitivity.csv; input_data/structural_measures.txt,region ~ tprs + as.numeric(interview_age) + eTIV + eigenvec.1 + eigenvec.2 + eigenvec.3 + eigenvec.4 + eigenvec.5 + eigenvec.6 + eigenvec.7 + eigenvec.8 + eigenvec.9 + eigenvec.10; region ~ tprs + as.numeric(interview_age) + eigenvec.1 + eigenvec.2 + eigenvec.3 + eigenvec.4 + eigenvec.5 + eigenvec.6 + eigenvec.7 + eigenvec.8 + eigenvec.9 + eigenvec.10,FDR uses rounded p-values; Reported n may differ from fitted sample
scripts/model1/freesurfer/non_winsorized/test_tPRS_M_x_FS_time_2_main_in_males_pFDR_families_NONWINSORIZED.R,input_data/predictors_sensitivity.csv; input_data/structural_measures.txt,region ~ tprs + as.numeric(interview_age) + eTIV + eigenvec.1 + eigenvec.2 + eigenvec.3 + eigenvec.4 + eigenvec.5 + eigenvec.6 + eigenvec.7 + eigenvec.8 + eigenvec.9 + eigenvec.10; region ~ tprs + as.numeric(interview_age) + eigenvec.1 + eigenvec.2 + eigenvec.3 + eigenvec.4 + eigenvec.5 + eigenvec.6 + eigenvec.7 + eigenvec.8 + eigenvec.9 + eigenvec.10,FDR uses rounded p-values; Reported n may differ from fitted sample
scripts/model1/freesurfer/winsorized/females_time_x_FS.R,input_data/predictors_primary.csv; input_data/structural_measures.txt,df[; region ~ time,FDR uses rounded p-values; Review nested random-effects ordering; Reported n may differ from fitted sample; Non-baseline events coded as follow-up
scripts/model1/freesurfer/winsorized/males_time_x_FS.R,input_data/predictors_primary.csv; input_data/structural_measures.txt,df[; region ~ time,FDR uses rounded p-values; Review nested random-effects ordering; Reported n may differ from fitted sample; Non-baseline events coded as follow-up
scripts/model1/freesurfer/winsorized/sex_x_time_FS.R,input_data/predictors_primary.csv; input_data/structural_measures.txt,df[; region ~ sex*time,FDR uses rounded p-values; Review nested random-effects ordering; Reported n may differ from fitted sample; Non-baseline events coded as follow-up
scripts/model1/freesurfer/winsorized/tPRS_F_X_FS_longitudinal_time_posthoc.R,input_data/predictors_primary.csv; input_data/structural_measures.txt,df_FS$smri_vol_scs_hpuslh ~ as.numeric(interview_age) + eTIV + eigenvec.1 + eigenvec.2 + eigenvec.3 + eigenvec.4 + eigenvec.5 + eigenvec.6 + eigenvec.7 + eigenvec.8 + eigenvec.9 + eigenvec.10; smri_vol_scs_hpuslh ~ MetaXcan_tPRS_F,FDR uses rounded p-values; Reported n may differ from fitted sample; Non-baseline events coded as follow-up
scripts/model1/freesurfer/winsorized/tPRS_F_x_FS_over_time.R,input_data/predictors_primary.csv; input_data/structural_measures.txt,df[; region ~ tprs,FDR uses rounded p-values; Review nested random-effects ordering; Reported n may differ from fitted sample; Non-baseline events coded as follow-up
scripts/model1/freesurfer/winsorized/tPRS_F_x_time_FS.R,input_data/predictors_primary.csv; input_data/structural_measures.txt,df[; region ~ tprs*time,FDR uses rounded p-values; Review nested random-effects ordering; Reported n may differ from fitted sample; Non-baseline events coded as follow-up
scripts/model1/freesurfer/winsorized/tPRS_F_x_time_FS_separate_T1_T2.R,input_data/predictors_primary.csv; input_data/structural_measures.txt,df[; region ~ tprs,Reported n may differ from fitted sample
scripts/model1/freesurfer/winsorized/tPRS_M_x_FS_over_time.R,input_data/predictors_primary.csv; input_data/structural_measures.txt,df[; region ~ tprs,FDR uses rounded p-values; Review nested random-effects ordering; Reported n may differ from fitted sample; Non-baseline events coded as follow-up
scripts/model1/freesurfer/winsorized/tPRS_M_x_time_FS.R,input_data/predictors_primary.csv; input_data/structural_measures.txt,df[; region ~ tprs*time,FDR uses rounded p-values; Review nested random-effects ordering; Reported n may differ from fitted sample; Non-baseline events coded as follow-up
scripts/model1/freesurfer/winsorized/tPRS_M_x_time_FS_separate_T1_T1.R,input_data/predictors_primary.csv; input_data/structural_measures.txt,df[; region ~ tprs,Reported n may differ from fitted sample
scripts/model1/freesurfer/winsorized/test_tPRS_F_x_FS_time_1_main_in_females_pFDR_families.R,input_data/predictors_primary.csv; input_data/structural_measures.txt,region ~ tprs + as.numeric(interview_age) + eTIV + eigenvec.1 + eigenvec.2 + eigenvec.3 + eigenvec.4 + eigenvec.5 + eigenvec.6 + eigenvec.7 + eigenvec.8 + eigenvec.9 + eigenvec.10; region ~ tprs + as.numeric(interview_age) + eigenvec.1 + eigenvec.2 + eigenvec.3 + eigenvec.4 + eigenvec.5 + eigenvec.6 + eigenvec.7 + eigenvec.8 + eigenvec.9 + eigenvec.10,FDR uses rounded p-values; Reported n may differ from fitted sample
scripts/model1/freesurfer/winsorized/test_tPRS_F_x_FS_time_1_main_in_males_pFDR_families.R,input_data/predictors_primary.csv; input_data/structural_measures.txt,region ~ tprs + as.numeric(interview_age) + eTIV + eigenvec.1 + eigenvec.2 + eigenvec.3 + eigenvec.4 + eigenvec.5 + eigenvec.6 + eigenvec.7 + eigenvec.8 + eigenvec.9 + eigenvec.10; region ~ tprs + as.numeric(interview_age) + eigenvec.1 + eigenvec.2 + eigenvec.3 + eigenvec.4 + eigenvec.5 + eigenvec.6 + eigenvec.7 + eigenvec.8 + eigenvec.9 + eigenvec.10,FDR uses rounded p-values; Reported n may differ from fitted sample
scripts/model1/freesurfer/winsorized/test_tPRS_F_x_FS_time_2_main_in_females_pFDR_families.R,input_data/predictors_primary.csv; input_data/structural_measures.txt,region ~ tprs + as.numeric(interview_age) + eTIV + eigenvec.1 + eigenvec.2 + eigenvec.3 + eigenvec.4 + eigenvec.5 + eigenvec.6 + eigenvec.7 + eigenvec.8 + eigenvec.9 + eigenvec.10; region ~ tprs + as.numeric(interview_age) + eigenvec.1 + eigenvec.2 + eigenvec.3 + eigenvec.4 + eigenvec.5 + eigenvec.6 + eigenvec.7 + eigenvec.8 + eigenvec.9 + eigenvec.10,FDR uses rounded p-values; Reported n may differ from fitted sample
scripts/model1/freesurfer/winsorized/test_tPRS_F_x_FS_time_2_main_in_males_pFDR_families.R,input_data/predictors_primary.csv; input_data/structural_measures.txt,region ~ tprs + as.numeric(interview_age) + eTIV + eigenvec.1 + eigenvec.2 + eigenvec.3 + eigenvec.4 + eigenvec.5 + eigenvec.6 + eigenvec.7 + eigenvec.8 + eigenvec.9 + eigenvec.10; region ~ tprs + as.numeric(interview_age) + eigenvec.1 + eigenvec.2 + eigenvec.3 + eigenvec.4 + eigenvec.5 + eigenvec.6 + eigenvec.7 + eigenvec.8 + eigenvec.9 + eigenvec.10,FDR uses rounded p-values; Reported n may differ from fitted sample
scripts/model1/freesurfer/winsorized/test_tPRS_M_x_FS_time_1_main_in_females_pFDR_families.R,input_data/predictors_primary.csv; input_data/structural_measures.txt,region ~ tprs + as.numeric(interview_age) + eTIV + eigenvec.1 + eigenvec.2 + eigenvec.3 + eigenvec.4 + eigenvec.5 + eigenvec.6 + eigenvec.7 + eigenvec.8 + eigenvec.9 + eigenvec.10; region ~ tprs + as.numeric(interview_age) + eigenvec.1 + eigenvec.2 + eigenvec.3 + eigenvec.4 + eigenvec.5 + eigenvec.6 + eigenvec.7 + eigenvec.8 + eigenvec.9 + eigenvec.10,FDR uses rounded p-values; Reported n may differ from fitted sample
scripts/model1/freesurfer/winsorized/test_tPRS_M_x_FS_time_1_main_in_males_pFDR_families.R,input_data/predictors_primary.csv; input_data/structural_measures.txt,region ~ tprs + as.numeric(interview_age) + eTIV + eigenvec.1 + eigenvec.2 + eigenvec.3 + eigenvec.4 + eigenvec.5 + eigenvec.6 + eigenvec.7 + eigenvec.8 + eigenvec.9 + eigenvec.10; region ~ tprs + as.numeric(interview_age) + eigenvec.1 + eigenvec.2 + eigenvec.3 + eigenvec.4 + eigenvec.5 + eigenvec.6 + eigenvec.7 + eigenvec.8 + eigenvec.9 + eigenvec.10,FDR uses rounded p-values; Reported n may differ from fitted sample
scripts/model1/freesurfer/winsorized/test_tPRS_M_x_FS_time_2_main_in_females_pFDR_families.R,input_data/predictors_primary.csv; input_data/structural_measures.txt,region ~ tprs + as.numeric(interview_age) + eTIV + eigenvec.1 + eigenvec.2 + eigenvec.3 + eigenvec.4 + eigenvec.5 + eigenvec.6 + eigenvec.7 + eigenvec.8 + eigenvec.9 + eigenvec.10; region ~ tprs + as.numeric(interview_age) + eigenvec.1 + eigenvec.2 + eigenvec.3 + eigenvec.4 + eigenvec.5 + eigenvec.6 + eigenvec.7 + eigenvec.8 + eigenvec.9 + eigenvec.10,FDR uses rounded p-values; Reported n may differ from fitted sample
scripts/model1/freesurfer/winsorized/test_tPRS_M_x_FS_time_2_main_in_males_pFDR_families.R,input_data/predictors_primary.csv; input_data/structural_measures.txt,region ~ tprs + as.numeric(interview_age) + eTIV + eigenvec.1 + eigenvec.2 + eigenvec.3 + eigenvec.4 + eigenvec.5 + eigenvec.6 + eigenvec.7 + eigenvec.8 + eigenvec.9 + eigenvec.10; region ~ tprs + as.numeric(interview_age) + eigenvec.1 + eigenvec.2 + eigenvec.3 + eigenvec.4 + eigenvec.5 + eigenvec.6 + eigenvec.7 + eigenvec.8 + eigenvec.9 + eigenvec.10,FDR uses rounded p-values; Reported n may differ from fitted sample
scripts/model1/freesurfer/winsorized/time_x_FS.R,input_data/predictors_primary.csv; input_data/structural_measures.txt,df[; region ~ time,FDR uses rounded p-values; Review nested random-effects ordering; Reported n may differ from fitted sample; Non-baseline events coded as follow-up
scripts/model2/cbcl/tPRS_M_x_CBCL_over_time.R,input_data/symptoms_followup.csv; input_data/symptoms_baseline.csv; input_data/predictors_primary.csv,df[; region ~ tprs,FDR uses rounded p-values; Review nested random-effects ordering; Reported n may differ from fitted sample
scripts/model2/cbcl/tPRS_M_x_time_CBCL.R,input_data/symptoms_followup.csv; input_data/symptoms_baseline.csv; input_data/predictors_primary.csv,df[; region ~ tprs,Reported n may differ from fitted sample
scripts/model2/cbcl/tPRS_M_x_time_x_CBCL.R,input_data/symptoms_followup.csv; input_data/symptoms_baseline.csv; input_data/predictors_primary.csv,df[; dep ~ tprs*time,FDR uses rounded p-values; Review nested random-effects ordering; Reported n may differ from fitted sample
scripts/model2/cbcl/test_tPRS_F_x_FS_x_CBCL_mediation_time_2.R,input_data/symptoms_followup.csv; input_data/predictors_primary.csv; input_data/structural_measures.txt,df[; smri_vol_scs_aar ~ MetaXcan_tPRS_F; cbcl_scr_syn_withdep_r ~ MetaXcan_tPRS_F + smri_vol_scs_aar; cbcl_scr_syn_withdep_r ~ smri_vol_scs_aar; smri_vol_scs_hpusrh ~ MetaXcan_tPRS_F; cbcl_scr_syn_withdep_r ~ MetaXcan_tPRS_F + smri_vol_scs_hpusrh; cbcl_scr_syn_withdep_r ~ smri_vol_scs_hpusrh,Reported n may differ from fitted sample; Legacy a_t/b_t labels hold estimates; bootstrap seed absent
scripts/model2/cbcl/test_tPRS_F_x_FS_x_CBCL_time_2.R,input_data/symptoms_followup.csv; input_data/predictors_primary.csv; input_data/structural_measures.txt,cbcl_scr_syn_anxdep_r ~ smri_vol_scs_hpuslh + as.numeric(interview_age.x) + eTIV + eigenvec.1 + eigenvec.2 + eigenvec.3 + eigenvec.4 + eigenvec.5 + eigenvec.6 + eigenvec.7 + eigenvec.8 + eigenvec.9 + eigenvec.10 + MetaXcan_tPRS_M; cbcl_scr_syn_withdep_r ~ smri_vol_scs_hpuslh + as.numeric(interview_age.x) + eTIV + eigenvec.1 + eigenvec.2 + eigenvec.3 + eigenvec.4 + eigenvec.5 + eigenvec.6 + eigenvec.7 + eigenvec.8 + eigenvec.9 + eigenvec.10 + MetaXcan_tPRS_M; cbcl_scr_syn_anxdep_r ~ smri_vol_scs_caudaterh + as.numeric(interview_age.x) + eTIV + eigenvec.1 + eigenvec.2 + eigenvec.3 + eigenvec.4 + eigenvec.5 + eigenvec.6 + eigenvec.7 + eigenvec.8 + eigenvec.9 + eigenvec.10 + MetaXcan_tPRS_M; cbcl_scr_syn_withdep_r ~ smri_vol_scs_caudaterh + as.numeric(interview_age.x) + eTIV + eigenvec.1 + eigenvec.2 + eigenvec.3 + eigenvec.4 + eigenvec.5 + eigenvec.6 + eigenvec.7 + eigenvec.8 + eigenvec.9 + eigenvec.10 + MetaXcan_tPRS_M; cbcl_scr_syn_anxdep_r ~ smri_vol_scs_hpusrh + as.numeric(interview_age.x) + eTIV + eigenvec.1 + eigenvec.2 + eigenvec.3 + eigenvec.4 + eigenvec.5 + eigenvec.6 + eigenvec.7 + eigenvec.8 + eigenvec.9 + eigenvec.10 + MetaXcan_tPRS_M; cbcl_scr_syn_withdep_r ~ smri_vol_scs_hpusrh + as.numeric(interview_age.x) + eTIV + eigenvec.1 + eigenvec.2 + eigenvec.3 + eigenvec.4 + eigenvec.5 + eigenvec.6 + eigenvec.7 + eigenvec.8 + eigenvec.9 + eigenvec.10 + MetaXcan_tPRS_M; cbcl_scr_syn_anxdep_r ~ smri_vol_scs_aar + as.numeric(interview_age.x) + eTIV + eigenvec.1 + eigenvec.2 + eigenvec.3 + eigenvec.4 + eigenvec.5 + eigenvec.6 + eigenvec.7 + eigenvec.8 + eigenvec.9 + eigenvec.10 + MetaXcan_tPRS_M; cbcl_scr_syn_withdep_r ~ smri_vol_scs_aar + as.numeric(interview_age.x) + eTIV + eigenvec.1 + eigenvec.2 + eigenvec.3 + eigenvec.4 + eigenvec.5 + eigenvec.6 + eigenvec.7 + eigenvec.8 + eigenvec.9 + eigenvec.10 + MetaXcan_tPRS_M,FDR uses rounded p-values; Reported n may differ from fitted sample
scripts/model2/cbcl/test_tPRS_M_x_CBCL_time_1_main_by_sex.R,input_data/symptoms_baseline.csv; input_data/predictors_primary.csv,region ~ tprs + as.numeric(interview_age) + eigenvec.1 + eigenvec.2 + eigenvec.3 + eigenvec.4 + eigenvec.5 + eigenvec.6 + eigenvec.7 + eigenvec.8 + eigenvec.9 + eigenvec.10 + MetaXcan_tPRS_F,FDR uses rounded p-values; Reported n may differ from fitted sample
scripts/model2/cbcl/test_tPRS_M_x_CBCL_time_2_main_by_sex.R,input_data/symptoms_followup.csv; input_data/predictors_primary.csv,region ~ tprs + as.numeric(interview_age) + eigenvec.1 + eigenvec.2 + eigenvec.3 + eigenvec.4 + eigenvec.5 + eigenvec.6 + eigenvec.7 + eigenvec.8 + eigenvec.9 + eigenvec.10 + MetaXcan_tPRS_F,FDR uses rounded p-values; Reported n may differ from fitted sample
scripts/model2/freesurfer/winsorized/tPRS_F_x_FS_over_time.R,input_data/predictors_primary.csv; input_data/structural_measures.txt,df[; region ~ tprs,FDR uses rounded p-values; Review nested random-effects ordering; Reported n may differ from fitted sample; Non-baseline events coded as follow-up
scripts/model2/freesurfer/winsorized/tPRS_F_x_time_FS.R,input_data/predictors_primary.csv; input_data/structural_measures.txt,df[; region ~ tprs*time,FDR uses rounded p-values; Review nested random-effects ordering; Reported n may differ from fitted sample; Non-baseline events coded as follow-up
scripts/model2/freesurfer/winsorized/tPRS_M_x_FS_over_time.R,input_data/predictors_primary.csv; input_data/structural_measures.txt,df[; region ~ tprs,FDR uses rounded p-values; Review nested random-effects ordering; Reported n may differ from fitted sample; Non-baseline events coded as follow-up
scripts/model2/freesurfer/winsorized/test_tPRS_F_x_FS_time_2_main_in_females_pFDR_families.R,input_data/predictors_primary.csv; input_data/structural_measures.txt,region ~ tprs + as.numeric(interview_age) + eTIV + eigenvec.1 + eigenvec.2 + eigenvec.3 + eigenvec.4 + eigenvec.5 + eigenvec.6 + eigenvec.7 + eigenvec.8 + eigenvec.9 + eigenvec.10 + MetaXcan_tPRS_M; region ~ tprs + as.numeric(interview_age) + eigenvec.1 + eigenvec.2 + eigenvec.3 + eigenvec.4 + eigenvec.5 + eigenvec.6 + eigenvec.7 + eigenvec.8 + eigenvec.9 + eigenvec.10 + MetaXcan_tPRS_M,FDR uses rounded p-values; Reported n may differ from fitted sample
scripts/model2/freesurfer/winsorized/test_tPRS_M_x_FS_time_2_main_in_males_pFDR_families.R,input_data/predictors_primary.csv; input_data/structural_measures.txt,region ~ tprs + as.numeric(interview_age) + eTIV + eigenvec.1 + eigenvec.2 + eigenvec.3 + eigenvec.4 + eigenvec.5 + eigenvec.6 + eigenvec.7 + eigenvec.8 + eigenvec.9 + eigenvec.10 + MetaXcan_tPRS_F; region ~ tprs + as.numeric(interview_age) + eigenvec.1 + eigenvec.2 + eigenvec.3 + eigenvec.4 + eigenvec.5 + eigenvec.6 + eigenvec.7 + eigenvec.8 + eigenvec.9 + eigenvec.10 + MetaXcan_tPRS_F,FDR uses rounded p-values; Reported n may differ from fitted sample
scripts/model3/cbcl/tPRS_M_x_CBCL_over_time.R,input_data/symptoms_followup.csv; input_data/symptoms_baseline.csv; input_data/predictors_primary.csv,df[; region ~ tprs,FDR uses rounded p-values; Review nested random-effects ordering; Reported n may differ from fitted sample
scripts/model3/cbcl/tPRS_M_x_time_CBCL.R,input_data/symptoms_followup.csv; input_data/symptoms_baseline.csv; input_data/predictors_primary.csv,df[; region ~ tprs,Reported n may differ from fitted sample
scripts/model3/cbcl/tPRS_M_x_time_x_CBCL.R,input_data/symptoms_followup.csv; input_data/symptoms_baseline.csv; input_data/predictors_primary.csv,df[; dep ~ tprs*time,FDR uses rounded p-values; Review nested random-effects ordering; Reported n may differ from fitted sample
scripts/model3/cbcl/test_tPRS_F_x_FS_x_CBCL_mediation_time_2.R,input_data/symptoms_followup.csv; input_data/predictors_primary.csv; input_data/structural_measures.txt,df[; smri_vol_scs_aar ~ MetaXcan_tPRS_F; cbcl_scr_syn_withdep_r ~ MetaXcan_tPRS_F + smri_vol_scs_aar; cbcl_scr_syn_withdep_r ~ smri_vol_scs_aar; smri_vol_scs_hpusrh ~ MetaXcan_tPRS_F; cbcl_scr_syn_withdep_r ~ MetaXcan_tPRS_F + smri_vol_scs_hpusrh; cbcl_scr_syn_withdep_r ~ smri_vol_scs_hpusrh,Reported n may differ from fitted sample; Legacy a_t/b_t labels hold estimates; bootstrap seed absent
scripts/model3/cbcl/test_tPRS_F_x_FS_x_CBCL_time_2.R,input_data/symptoms_followup.csv; input_data/predictors_primary.csv; input_data/structural_measures.txt,cbcl_scr_syn_anxdep_r ~ smri_vol_scs_hpuslh + as.numeric(interview_age.x) + eTIV + eigenvec.1 + eigenvec.2 + eigenvec.3 + eigenvec.4 + eigenvec.5 + eigenvec.6 + eigenvec.7 + eigenvec.8 + eigenvec.9 + eigenvec.10 + MetaXcan_tPRS_M + TPRS_v1_unweighted + PGC_PRS; cbcl_scr_syn_withdep_r ~ smri_vol_scs_hpuslh + as.numeric(interview_age.x) + eTIV + eigenvec.1 + eigenvec.2 + eigenvec.3 + eigenvec.4 + eigenvec.5 + eigenvec.6 + eigenvec.7 + eigenvec.8 + eigenvec.9 + eigenvec.10 + MetaXcan_tPRS_M + TPRS_v1_unweighted + PGC_PRS; cbcl_scr_syn_anxdep_r ~ smri_vol_scs_caudaterh + as.numeric(interview_age.x) + eTIV + eigenvec.1 + eigenvec.2 + eigenvec.3 + eigenvec.4 + eigenvec.5 + eigenvec.6 + eigenvec.7 + eigenvec.8 + eigenvec.9 + eigenvec.10 + MetaXcan_tPRS_M + TPRS_v1_unweighted + PGC_PRS; cbcl_scr_syn_withdep_r ~ smri_vol_scs_caudaterh + as.numeric(interview_age.x) + eTIV + eigenvec.1 + eigenvec.2 + eigenvec.3 + eigenvec.4 + eigenvec.5 + eigenvec.6 + eigenvec.7 + eigenvec.8 + eigenvec.9 + eigenvec.10 + MetaXcan_tPRS_M + TPRS_v1_unweighted + PGC_PRS; cbcl_scr_syn_anxdep_r ~ smri_vol_scs_hpusrh + as.numeric(interview_age.x) + eTIV + eigenvec.1 + eigenvec.2 + eigenvec.3 + eigenvec.4 + eigenvec.5 + eigenvec.6 + eigenvec.7 + eigenvec.8 + eigenvec.9 + eigenvec.10 + MetaXcan_tPRS_M + TPRS_v1_unweighted + PGC_PRS; cbcl_scr_syn_withdep_r ~ smri_vol_scs_hpusrh + as.numeric(interview_age.x) + eTIV + eigenvec.1 + eigenvec.2 + eigenvec.3 + eigenvec.4 + eigenvec.5 + eigenvec.6 + eigenvec.7 + eigenvec.8 + eigenvec.9 + eigenvec.10 + MetaXcan_tPRS_M + TPRS_v1_unweighted + PGC_PRS; cbcl_scr_syn_anxdep_r ~ smri_vol_scs_aar + as.numeric(interview_age.x) + eTIV + eigenvec.1 + eigenvec.2 + eigenvec.3 + eigenvec.4 + eigenvec.5 + eigenvec.6 + eigenvec.7 + eigenvec.8 + eigenvec.9 + eigenvec.10 + MetaXcan_tPRS_M + TPRS_v1_unweighted + PGC_PRS; cbcl_scr_syn_withdep_r ~ smri_vol_scs_aar + as.numeric(interview_age.x) + eTIV + eigenvec.1 + eigenvec.2 + eigenvec.3 + eigenvec.4 + eigenvec.5 + eigenvec.6 + eigenvec.7 + eigenvec.8 + eigenvec.9 + eigenvec.10 + MetaXcan_tPRS_M + TPRS_v1_unweighted + PGC_PRS,FDR uses rounded p-values; Reported n may differ from fitted sample
scripts/model3/cbcl/test_tPRS_M_x_CBCL_time_1_main_by_sex.R,input_data/symptoms_baseline.csv; input_data/predictors_primary.csv,region ~ tprs + as.numeric(interview_age) + eigenvec.1 + eigenvec.2 + eigenvec.3 + eigenvec.4 + eigenvec.5 + eigenvec.6 + eigenvec.7 + eigenvec.8 + eigenvec.9 + eigenvec.10 + MetaXcan_tPRS_F + TPRS_v1_unweighted + PGC_PRS,FDR uses rounded p-values; Reported n may differ from fitted sample
scripts/model3/cbcl/test_tPRS_M_x_CBCL_time_2_main_by_sex.R,input_data/symptoms_followup.csv; input_data/predictors_primary.csv,region ~ tprs + as.numeric(interview_age) + eigenvec.1 + eigenvec.2 + eigenvec.3 + eigenvec.4 + eigenvec.5 + eigenvec.6 + eigenvec.7 + eigenvec.8 + eigenvec.9 + eigenvec.10 + MetaXcan_tPRS_F + TPRS_v1_unweighted + PGC_PRS,FDR uses rounded p-values; Reported n may differ from fitted sample
scripts/model3/freesurfer/winsorized/tPRS_F_x_FS_over_time.R,input_data/predictors_primary.csv; input_data/structural_measures.txt,df[; region ~ tprs,FDR uses rounded p-values; Review nested random-effects ordering; Reported n may differ from fitted sample; Non-baseline events coded as follow-up
scripts/model3/freesurfer/winsorized/tPRS_F_x_time_FS.R,input_data/predictors_primary.csv; input_data/structural_measures.txt,df[; region ~ tprs*time,FDR uses rounded p-values; Review nested random-effects ordering; Reported n may differ from fitted sample; Non-baseline events coded as follow-up
scripts/model3/freesurfer/winsorized/tPRS_M_x_FS_over_time.R,input_data/predictors_primary.csv; input_data/structural_measures.txt,df[; region ~ tprs,FDR uses rounded p-values; Review nested random-effects ordering; Reported n may differ from fitted sample; Non-baseline events coded as follow-up
scripts/model3/freesurfer/winsorized/test_tPRS_F_x_FS_time_2_main_in_females_pFDR_families.R,input_data/predictors_primary.csv; input_data/structural_measures.txt,region ~ tprs + as.numeric(interview_age) + eTIV + eigenvec.1 + eigenvec.2 + eigenvec.3 + eigenvec.4 + eigenvec.5 + eigenvec.6 + eigenvec.7 + eigenvec.8 + eigenvec.9 + eigenvec.10 + MetaXcan_tPRS_M + TPRS_v1_unweighted + PGC_PRS; region ~ tprs + as.numeric(interview_age) + eigenvec.1 + eigenvec.2 + eigenvec.3 + eigenvec.4 + eigenvec.5 + eigenvec.6 + eigenvec.7 + eigenvec.8 + eigenvec.9 + eigenvec.10 + MetaXcan_tPRS_M + TPRS_v1_unweighted + PGC_PRS,FDR uses rounded p-values; Reported n may differ from fitted sample
scripts/model3/freesurfer/winsorized/test_tPRS_M_x_FS_time_2_main_in_males_pFDR_families.R,input_data/predictors_primary.csv; input_data/structural_measures.txt,region ~ tprs + as.numeric(interview_age) + eTIV + eigenvec.1 + eigenvec.2 + eigenvec.3 + eigenvec.4 + eigenvec.5 + eigenvec.6 + eigenvec.7 + eigenvec.8 + eigenvec.9 + eigenvec.10 + MetaXcan_tPRS_F + TPRS_v1_unweighted + PGC_PRS; region ~ tprs + as.numeric(interview_age) + eigenvec.1 + eigenvec.2 + eigenvec.3 + eigenvec.4 + eigenvec.5 + eigenvec.6 + eigenvec.7 + eigenvec.8 + eigenvec.9 + eigenvec.10 + MetaXcan_tPRS_F + TPRS_v1_unweighted + PGC_PRS,FDR uses rounded p-values; Reported n may differ from fitted sample
